<?xml version="1.0" encoding="utf-8"?>
<install version="1.0" type="module">
    <name>[MODULE_NAME]</name>
    <description>[MODULE_DESCRIPTION]</description>
    <version>0.0.1</version>
    <creationDate>dd/mm/yyyy</creationDate>
    <lastChangedDate>dd/mm/yyyy</lastChangedDate>
    <author>ApPHP</author>
    <authorEmail>info@apphp.com</authorEmail>
    <authorUrl>http://www.apphp.com</authorUrl>
    <copyright>ApPHP</copyright>
    <license>LGPL</license>
    <manual></manual>
    <icon>images/modules/[MODULE_CODE]/icon.png</icon>
    <moduleType>application</moduleType>
    <code>gallery</code>
    <files>
        <filename>info.xml</filename>
        <components>
            <filename>[MODULE_NAME]Component.php</filename>
        </components>
        <config installationPath="protected/config/">
			<filename exclude="yes">main.php</filename>
            <filename>[MODULE_CODE].php</filename>
        </config>
		<controllers>
			<filename>[CONTROLLER_NAME]Controller.php</filename>
		</controllers>
        <data>
            <install>install.mysql.sql</install>
            <update>update.mysql.sql</update>
            <uninstall>uninstall.mysql.sql</uninstall>
        </data>
        <images installationPath="images/modules/[MODULE_CODE]/" byDirectory="true">
            <filename>icon.png</filename>
        </images>
        <messages installationPath="protected/messages/*">
           	<filename>[MODULE_CODE].php</filename>
        </messages>
        <models>
            <filename>[MODEL_NAME].php</filename>
        </models>
        <views>
            <[CONTROLLER_NAME_LOWERCASE]>
                <filename>add.php</filename>
                <filename>edit.php</filename>
                <filename>manage.php</filename>
            </[CONTROLLER_NAME_LOWERCASE]>
        </views>        
    </files>
</install>